freq,patch_size,horizon,epochs_ran,elapsed_sec,train_samples,val_samples,test_samples,train_mse,train_mae,train_corr,train_rank_corr,train_direction_acc,train_pred_std,train_true_std,val_mse,val_mae,val_corr,val_rank_corr,val_direction_acc,val_pred_std,val_true_std,test_mse,test_mae,test_corr,test_rank_corr,test_direction_acc,test_pred_std,test_true_std,y_train_mean,y_train_std,test_mean_gate_patch_0
daily,5,10d,13,188.5376897919923,2553,547,548,109.61715698242188,7.720769882202148,-0.0007546137258446,0.0028736950976161,0.5045045045045045,10.424918174743652,0.1072988510131836,182.0687561035156,9.60057258605957,0.1195717424715992,0.0803620703345732,0.4990859232175503,12.858317375183104,0.1028362661600112,56.22550201416016,5.795690059661865,-0.0038786938615362,-0.0322536288030408,0.4726277372262774,7.492280006408691,0.1023615449666976,0.0024258117191493,0.1072988510131836,1.0
daily,5,20d,57,795.3320273329737,2553,547,548,0.8109334111213684,0.6568198800086975,-0.046500611912668,-0.061109887487553,0.4896200548374461,0.8802269697189331,0.153127834200859,2.3144443035125732,1.0652744770050049,-0.2232456985863631,-0.1710798303058874,0.4862888482632541,1.372605323791504,0.141805037856102,0.524023711681366,0.5728780031204224,-0.1385025835903058,-0.1577936901803885,0.4708029197080292,0.6588439345359802,0.1454658061265945,0.00487852236256,0.153127834200859,1.0
daily,5,5d,41,591.4433365840232,2553,547,548,0.5000126361846924,0.5436341166496277,0.006269118076658,-0.0059239638264997,0.4962788875832354,0.6991915106773376,0.0759601891040802,0.9686362147331238,0.7707545161247253,-0.0943103104352228,-0.0696393621162485,0.4936014625228519,0.9629971385002136,0.0752401202917099,0.2940879464149475,0.4510436058044433,0.010915945767795,0.0228813101106043,0.4835766423357664,0.46084064245224,0.0779148414731025,0.0011742518981918,0.0759601891040802,1.0
daily,10,10d,60,771.2259146659635,2553,547,548,0.5331528186798096,0.5848516225814819,-0.0056775987657205,-0.0306451236215826,0.509596553074814,0.6785309910774231,0.1072988510131836,1.0897002220153809,0.860304057598114,-0.1142108978651544,-0.1500520753330848,0.4387568555758683,0.8584648966789246,0.1028362661600112,2.274451971054077,1.2391659021377563,-0.0437952787593073,-0.1341213039926,0.5401459854014599,1.1262832880020142,0.1023615449666976,0.0024258117191493,0.1072988510131836,1.0
daily,10,20d,60,763.7466051660012,2553,547,548,40.34152603149414,4.882225513458252,0.0321418761962286,0.0291780111212965,0.5115550332941637,6.332711219787598,0.153127834200859,65.16466522216797,6.3180251121521,0.1700047605036104,0.1184452409001534,0.546617915904936,8.031425476074219,0.141805037856102,25.670799255371097,4.195240497589111,0.0584405742102022,0.0603152163203057,0.4835766423357664,4.288337230682373,0.1454658061265945,0.00487852236256,0.153127834200859,1.0
daily,10,5d,53,689.1824076669873,2553,547,548,1.318814754486084,0.9480968117713928,-0.0093810356541848,-0.0289012269848406,0.5056795926361144,1.1435856819152832,0.0759601891040802,1.6141202449798584,0.9883756637573242,-0.0333680310612857,-0.0649900830501593,0.4515539305301645,1.2058008909225464,0.0752401202917099,3.5279886722564697,1.4925734996795654,-0.0363527906194815,-0.0813316915607769,0.5109489051094891,1.5498665571212769,0.0779148414731025,0.0011742518981918,0.0759601891040802,1.0
daily,20,10d,28,261.2979159580427,2553,547,548,0.1603384912014007,0.2742998898029327,0.0146609156357328,-0.0276948690901593,0.4868781825303564,0.3671441972255707,0.1072988510131836,0.6221895813941956,0.5791112184524536,-0.1652792888529554,-0.1819704801992324,0.4625228519195612,0.7532581686973572,0.1028362661600112,0.8291358947753906,0.6826049089431763,-0.0014579834515046,-0.1130854008577011,0.437956204379562,0.8345456719398499,0.1023615449666976,0.0024258117191493,0.1072988510131836,1.0
daily,20,20d,60,551.2701915000216,2553,547,548,735.325439453125,21.269548416137695,0.0373292714801402,0.0383545538004983,0.5099882491186839,26.837074279785156,0.153127834200859,1239.211669921875,27.916730880737305,0.1871195168779977,0.1272184160333188,0.5630712979890311,35.052162170410156,0.141805037856102,536.8099975585938,19.46390914916992,0.0487130793772926,0.0669505575627943,0.4762773722627737,18.774824142456055,0.1454658061265945,0.00487852236256,0.153127834200859,1.0
daily,20,5d,26,246.79790216695983,2553,547,548,0.0620778352022171,0.1788215190172195,-0.0041077171387438,0.0439585590099643,0.5021543282412848,0.2368343919515609,0.0759601891040802,0.2853142321109772,0.421057790517807,0.1143223512328412,0.1365627311520018,0.5411334552102377,0.5234366655349731,0.0752401202917099,0.3022486269474029,0.405163824558258,0.0120333755726767,0.0611160721406772,0.531021897810219,0.5438130497932434,0.0779148414731025,0.0011742518981918,0.0759601891040802,1.0
daily,30,10d,60,640.564074874972,2553,547,548,221.7390594482422,11.590998649597168,0.0353269571180778,0.0260164008251382,0.5045045045045045,14.62962245941162,0.1072988510131836,447.8887023925781,16.490575790405273,0.1463172122297136,0.0987077969225114,0.5009140767824497,20.87486267089844,0.1028362661600112,189.60324096679688,11.609335899353027,-0.0228900465072191,-0.0210693780159436,0.4397810218978102,11.886560440063477,0.1023615449666976,0.0024258117191493,0.1072988510131836,1.0
daily,30,20d,16,171.64872379100416,2553,547,548,0.1674313098192215,0.3520402014255523,0.0824924104947137,0.1385498285692061,0.481002741872307,0.3040401041507721,0.153127834200859,1.1285552978515625,0.8816697001457214,0.2815537335086475,0.2736864849820858,0.5283363802559415,0.7064173817634583,0.141805037856102,1.241316795349121,1.0221364498138428,0.1932297146143662,0.3062405615353659,0.4434306569343065,0.5201027393341064,0.1454658061265945,0.00487852236256,0.153127834200859,1.0
daily,30,5d,57,612.4344048749772,2553,547,548,0.1453725695610046,0.2850372493267059,0.0543280909301626,0.0792895759182001,0.5291813552683118,0.3759045898914337,0.0759601891040802,1.1777399778366089,0.8051599860191345,0.1225856633370007,0.1512139446348502,0.5484460694698354,1.0649144649505615,0.0752401202917099,0.676327109336853,0.6104977130889893,-0.0155124401535645,0.037302986363771,0.5200729927007299,0.8137696385383606,0.0779148414731025,0.0011742518981918,0.0759601891040802,1.0
halfday,2,10d,24,91.8835240000044,2553,547,548,0.0954260975122451,0.2144709229469299,-0.0229734728887273,0.0247548608747147,0.5154719937328633,0.2805113792419433,0.1072988510131836,0.1030356138944625,0.2654543817043304,-0.1033319923729048,-0.1329340609632356,0.4680073126142596,0.2351365983486175,0.1028362661600112,0.1586919575929641,0.3451745212078094,-0.1301555246857277,-0.1145565722197535,0.4945255474452554,0.2517788410186767,0.1023615449666976,0.0024258117191493,0.1072988510131836,1.0
halfday,2,20d,41,148.4029565420351,2553,547,548,1.3871361017227173,0.7261279225349426,-0.0037327167240761,-0.1059258168832192,0.4657265961613788,1.1646994352340698,0.153127834200859,1.1482330560684204,0.5194634199142456,-0.0169072354284862,-0.0083174985659122,0.4972577696526508,1.0265884399414062,0.141805037856102,0.987694501876831,0.607089102268219,0.0004601341878225,-0.0422569221332384,0.4981751824817518,0.9209895730018616,0.1454658061265945,0.00487852236256,0.153127834200859,1.0
halfday,2,5d,27,103.41567554103676,2553,547,548,0.0462638549506664,0.159711554646492,-0.0248819073776586,0.0220345603444635,0.5127301214257736,0.1845755279064178,0.0759601891040802,0.0489571243524551,0.1892507225275039,-0.0383615449597559,-0.0875171850002331,0.4552102376599634,0.1587631404399871,0.0752401202917099,0.0843662992119789,0.258192241191864,-0.1497732171088697,-0.1041459762589031,0.5109489051094891,0.1684183776378631,0.0779148414731025,0.0011742518981918,0.0759601891040802,1.0
halfday,4,10d,60,177.7993166249944,2553,547,548,1.0622332096099854,0.6670435667037964,-0.0118186576213932,-0.071843128330787,0.472777124951038,1.0236153602600098,0.1072988510131836,0.9048832654953004,0.4943365156650543,0.0142502263367799,0.0682757157581861,0.5100548446069469,0.8650863766670227,0.1028362661600112,1.1102445125579834,0.723526120185852,0.0634665842146201,-0.0066607207231026,0.5018248175182481,0.8867067694664001,0.1023615449666976,0.0024258117191493,0.1072988510131836,1.0
halfday,4,20d,25,72.01545716600958,2553,547,548,0.0277406629174947,0.1294156610965728,-0.0226797051817088,-0.0460704902749014,0.481786133960047,0.0426451563835144,0.153127834200859,0.0264386665076017,0.1245426684617996,0.0128701573926751,0.0374745191590978,0.4588665447897623,0.0441418513655662,0.141805037856102,0.0290450528264045,0.1349846571683883,-0.0226389741750331,-0.0444921515735208,0.4361313868613138,0.0568594932556152,0.1454658061265945,0.00487852236256,0.153127834200859,1.0
halfday,4,5d,60,183.8722543329932,2553,547,548,0.4807549715042114,0.4586363434791565,0.0009793616331637,0.050766073585253,0.5295730513121818,0.6563526391983032,0.0759601891040802,1.293764591217041,0.9242556095123292,0.0444090931825114,0.0688626901226252,0.5155393053016454,0.6622158885002136,0.0752401202917099,2.0932228565216064,1.3354220390319824,-0.0472473912965276,0.037307845003057,0.4708029197080292,0.6046261787414551,0.0779148414731025,0.0011742518981918,0.0759601891040802,1.0
halfday,8,10d,29,63.38431995798601,2553,547,548,1.437549114227295,0.655512273311615,-0.0110750633035925,0.0694701029667214,0.5197806502154328,1.1371959447860718,0.1072988510131836,2.06488299369812,1.0237208604812622,-0.0025888472470421,-0.0412083565779747,0.5137111517367459,1.0054607391357422,0.1028362661600112,2.660165548324585,1.3610055446624756,0.0084453984837296,0.0811850163586616,0.4835766423357664,0.9155777096748352,0.1023615449666976,0.0024258117191493,0.1072988510131836,1.0
halfday,8,20d,27,60.44522674998734,2553,547,548,242.9955139160156,11.635420799255373,-0.0669170734825549,-0.1129551555424024,0.4688601645123384,11.5097074508667,0.153127834200859,63.234004974365234,5.007358551025391,-0.1385917397450241,-0.1535177971679896,0.4387568555758683,7.858348369598389,0.141805037856102,96.3870086669922,6.780307292938232,-0.0747006730152093,-0.1319898021239283,0.4890510948905109,9.67867946624756,0.1454658061265945,0.00487852236256,0.153127834200859,1.0
halfday,8,5d,23,53.24313933297526,2553,547,548,14.694717407226562,2.3354203701019287,-0.0033522495561076,0.0490009231180593,0.5244810027418723,3.785454511642456,0.0759601891040802,25.150514602661133,3.5549585819244385,0.0357916999405872,0.0293478256087845,0.5155393053016454,3.548164129257202,0.0752401202917099,33.25347137451172,4.9973249435424805,-0.0736720209273775,0.0225953542869758,0.468978102189781,3.141045331954956,0.0779148414731025,0.0011742518981918,0.0759601891040802,1.0
halfday,10,10d,41,104.92765833402518,2553,547,548,1.8539552688598633,0.8227600455284119,0.0272492827713095,-0.0561975113997495,0.4719937328632981,1.3561214208602903,0.1072988510131836,1.4483977556228638,0.6759123802185059,0.079552588203823,0.1498698199324665,0.5484460694698354,1.2072062492370603,0.1028362661600112,1.2095590829849243,0.7710685133934021,0.1085257449263944,0.0650803014816853,0.4854014598540146,1.0976730585098269,0.1023615449666976,0.0024258117191493,0.1072988510131836,1.0
halfday,10,20d,18,47.23796937498264,2553,547,548,116.50100708007812,7.493687152862549,-0.0355807222363968,-0.1199636112258498,0.4669016842929886,10.630614280700684,0.153127834200859,80.07991027832031,5.242064476013184,-0.023822400774646,-0.0002767819026427,0.4771480804387568,8.943605422973633,0.141805037856102,80.48002624511719,5.796905994415283,0.0297417187061129,-0.0062234590590313,0.4908759124087591,8.97177791595459,0.1454658061265945,0.00487852236256,0.153127834200859,1.0
halfday,10,5d,37,100.4715795830125,2553,547,548,0.0062480415217578,0.0578069016337394,-0.0049681607743167,-0.0441782766121215,0.490403446925186,0.0148792658001184,0.0759601891040802,0.0063241296447813,0.0586698688566684,-0.0677268269092057,-0.0632413655124099,0.5045703839122486,0.0173369329422712,0.0752401202917099,0.0063798772171139,0.0587154105305671,0.0945060628102061,0.0781286892557266,0.5383211678832117,0.0244269259274005,0.0779148414731025,0.0011742518981918,0.0759601891040802,1.0
halfday,12,10d,55,92.84403591701994,2553,547,548,0.0131694432348012,0.0868882089853286,-0.0600764769619764,-0.1152006764934164,0.4743439091265178,0.032715231180191,0.1072988510131836,0.0179940946400165,0.108878269791603,-0.1589816234291239,-0.1264569308593229,0.4844606946983547,0.0479132421314716,0.1028362661600112,0.0213245768100023,0.1193271800875663,-0.0382407208269634,-0.0274216432353663,0.5109489051094891,0.0436781756579875,0.1023615449666976,0.0024258117191493,0.1072988510131836,1.0
halfday,12,20d,58,101.2475612499984,2553,547,548,0.4036667346954345,0.3957245647907257,0.0409978898534681,0.1368954744081537,0.5538582060321191,0.6076270937919617,0.153127834200859,0.4944218695163727,0.4583558440208435,0.0861266850104188,0.0416745416658874,0.4954296160877514,0.5406880974769592,0.141805037856102,0.6745430827140808,0.6519584655761719,0.0335919904961235,0.0821337856843889,0.4671532846715328,0.523547351360321,0.1454658061265945,0.00487852236256,0.153127834200859,1.0
halfday,12,5d,25,43.43806787498761,2553,547,548,4.493884563446045,1.4718527793884275,0.010410063261323,0.0555883079605476,0.5260477869173521,2.1192893981933594,0.0759601891040802,12.235992431640623,2.771144151687622,0.046298504475188,0.0567364020172304,0.5155393053016454,2.137190103530884,0.0752401202917099,19.70724105834961,4.02955436706543,-0.0446758311063742,0.0286056343787233,0.4744525547445255,2.0608627796173096,0.0779148414731025,0.0011742518981918,0.0759601891040802,1.0
hourly,2,10d,60,263.84963900002185,2553,547,548,0.747687578201294,0.8138359189033508,0.1142622216360697,0.1209705278723048,0.4798276537406972,0.2842819690704345,0.1072988510131836,4.821165561676025,2.086873769760132,0.1850551550422144,0.2042958346835615,0.5137111517367459,0.6942415833473206,0.1028362661600112,9.064215660095217,2.9580981731414795,0.2423485869723595,0.2052268561978785,0.4835766423357664,0.5761752724647522,0.1023615449666976,0.0024258117191493,0.1072988510131836,1.0
hourly,2,20d,20,88.56190587498713,2553,547,548,0.0397839918732643,0.1447676420211792,0.0529514211505379,0.0888303886826209,0.5315315315315315,0.1361549794673919,0.153127834200859,0.0684569701552391,0.1584499329328537,-0.0499073880785342,-0.1172100796171925,0.4661791590493601,0.1904893964529037,0.141805037856102,0.0475969091057777,0.1455694586038589,0.0442868903670257,0.2115782469803807,0.5456204379562044,0.1507388651371002,0.1454658061265945,0.00487852236256,0.153127834200859,1.0
hourly,2,5d,50,216.4412618339993,2553,547,548,7.653063774108887,1.7829569578170776,-0.0172157068299312,-0.0013742759499103,0.490403446925186,2.2730729579925537,0.0759601891040802,2.7165677547454834,0.8789209723472595,-0.0799815722843265,-0.0268760716591618,0.5100548446069469,1.605007290840149,0.0752401202917099,4.244082927703857,1.4179104566574097,-0.0427050616476188,-0.1042051561536927,0.4251824817518248,1.7546353340148926,0.0779148414731025,0.0011742518981918,0.0759601891040802,1.0
hourly,4,10d,27,97.52098237501924,2553,547,548,16.91014289855957,2.539442300796509,-0.0472402789068088,-0.0524747839601581,0.4712103407755582,3.4184601306915283,0.1072988510131836,5.209757328033447,1.661695122718811,-0.147361451650502,-0.2060265868263912,0.4460694698354662,1.9122653007507324,0.1028362661600112,9.24138355255127,2.608721971511841,-0.1117522063374054,-0.1527384012355259,0.5,2.5287296772003174,0.1023615449666976,0.0024258117191493,0.1072988510131836,1.0
hourly,4,20d,21,73.7781108749914,2553,547,548,72.12947082519531,5.094549655914307,0.0611767547007955,0.0885210960849608,0.5330983157070114,8.186870574951172,0.153127834200859,109.9706573486328,8.559324264526367,0.146928439232711,0.1801826657842883,0.4789762340036563,6.214559555053711,0.141805037856102,155.2020721435547,11.420324325561523,0.1780380818559946,0.2455245749238525,0.4635036496350365,6.47481632232666,0.1454658061265945,0.00487852236256,0.153127834200859,1.0
hourly,4,5d,60,211.02268237498356,2553,547,548,11.06655979156494,1.9096856117248535,0.0152343946984743,0.0068231650901997,0.4947121034077555,3.3185884952545166,0.0759601891040802,21.226940155029297,1.6318185329437256,0.0899200708777069,0.0094198959476051,0.5137111517367459,4.547733306884766,0.0752401202917099,12.311772346496582,2.0355968475341797,0.0093223988810774,0.1172361556659189,0.551094890510949,3.441518545150757,0.0779148414731025,0.0011742518981918,0.0759601891040802,1.0
hourly,8,10d,60,192.45284408301816,2553,547,548,0.1004170477390289,0.1995228677988052,0.0341075354103849,0.0504459836313329,0.5029377203290247,0.3008793592453003,0.1072988510131836,0.2560584843158722,0.2859239280223846,0.0440983069568557,-0.0103122888048685,0.5228519195612431,0.4191886782646179,0.1028362661600112,0.1507275253534317,0.2881546020507812,0.02635337767729,0.1822408305976079,0.4945255474452554,0.2974469065666199,0.1023615449666976,0.0024258117191493,0.1072988510131836,1.0
hourly,8,20d,60,184.14146762498424,2553,547,548,1.8342729806900024,0.7998502254486084,-0.0476909267252975,-0.0801817740452381,0.4712103407755582,1.332566261291504,0.153127834200859,3.0956125259399414,0.6550883054733276,0.08230782075303,0.1552686294743167,0.5356489945155393,1.7549103498458862,0.141805037856102,2.0060389041900635,0.8848898410797119,0.0355665858720664,-0.1273460613062607,0.4489051094890511,1.3700186014175415,0.1454658061265945,0.00487852236256,0.153127834200859,1.0
hourly,8,5d,23,70.93787200003862,2553,547,548,10.895854949951172,2.1105470657348633,0.0399664007291269,0.0364745121536983,0.5041128084606346,3.289849281311035,0.0759601891040802,27.7213134765625,4.278532028198242,0.1453139677066346,0.1572283243568625,0.5137111517367459,3.097851514816284,0.0752401202917099,31.486705780029297,5.1174635887146,0.0541390443929701,0.0899150252405654,0.4598540145985401,3.035621881484986,0.0779148414731025,0.0011742518981918,0.0759601891040802,1.0
hourly,12,10d,20,63.03687308297958,2553,547,548,0.0130758257582783,0.0847353935241699,0.0539854778972382,0.0567666365754046,0.5064629847238543,0.045505728572607,0.1072988510131836,0.0158615577965974,0.0937769263982772,0.0382387682418097,-0.0160815124909822,0.5210237659963437,0.0541884489357471,0.1028362661600112,0.0165043380111455,0.0934307873249054,0.0509732027446845,0.151588964461972,0.4908759124087591,0.0525063164532184,0.1023615449666976,0.0024258117191493,0.1072988510131836,1.0
hourly,12,20d,60,174.6555312499986,2553,547,548,0.0248605441302061,0.120394080877304,-0.0671186697481055,-0.0719369290124539,0.4582843713278496,0.027500070631504,0.153127834200859,0.022301347926259,0.1143929064273834,-0.0320844340836055,-0.1047975929715521,0.469835466179159,0.0330567434430122,0.141805037856102,0.0248971488326787,0.1208021640777587,0.0750125315658852,0.0343664413490995,0.4817518248175182,0.0495489239692688,0.1454658061265945,0.00487852236256,0.153127834200859,1.0
hourly,12,5d,57,170.90606624999782,2553,547,548,5.179964542388916,1.2949082851409912,-0.0111528157446023,-0.0049027285824007,0.4935370152761457,2.2646806240081787,0.0759601891040802,12.784749031066896,1.2141218185424805,-0.0837719514141723,-0.0078785690750088,0.4881170018281535,3.538890838623047,0.0752401202917099,4.952705383300781,1.507286787033081,-0.0351816579568184,-0.1313547040117219,0.4270072992700729,2.033933401107788,0.0779148414731025,0.0011742518981918,0.0759601891040802,1.0
weekly,2,10d,19,91.92766649997792,2553,547,548,271.697265625,11.869458198547363,-0.0291112866677222,-0.0104184666493921,0.5033294163728946,16.351781845092773,0.1072988510131836,135.98696899414062,8.738533020019531,-0.1278867229213844,-0.0789895747196225,0.5100548446069469,11.23679256439209,0.1028362661600112,120.59577178955078,8.01974868774414,-0.0644432587633916,-0.1424727062943749,0.4178832116788321,8.9236478805542,0.1023615449666976,0.0024258117191493,0.1072988510131836,1.0
weekly,2,20d,60,280.93403108400526,2553,547,548,1676.7261962890625,31.46953392028809,-0.0598960530774509,-0.0430148760876576,0.4860947904426165,40.86581039428711,0.153127834200859,736.7639770507812,23.047603607177734,-0.1039077757084218,-0.0820779186501117,0.4058500914076782,24.044368743896484,0.141805037856102,758.681884765625,22.525972366333008,-0.0396765514571132,-0.0589298751418266,0.5437956204379562,24.39280128479004,0.1454658061265945,0.00487852236256,0.153127834200859,1.0
weekly,2,5d,17,82.57579637499293,2553,547,548,1.8546329736709597,1.073374629020691,-0.0024915182475856,0.0001724653687768,0.4837446141793968,1.349831223487854,0.0759601891040802,1.0440651178359983,0.8493277430534363,0.0040405586143019,0.0299300034788129,0.5447897623400365,0.7790358066558838,0.0752401202917099,1.274399757385254,0.9910316467285156,-0.0070618766342838,-0.0411659686810662,0.5054744525547445,0.785723865032196,0.0779148414731025,0.0011742518981918,0.0759601891040802,1.0
weekly,4,10d,60,212.4578182080295,2553,547,548,4.651003837585449,1.7932051420211792,0.1137649718113185,0.1216037014180137,0.4958871915393654,1.5227431058883667,0.1072988510131836,19.13057518005371,3.7831003665924072,0.1884374412319413,0.1699529189520841,0.5137111517367459,2.2122135162353516,0.1028362661600112,32.63455581665039,5.62427282333374,0.2307966471849383,0.2274588373235868,0.4835766423357664,1.0197112560272217,0.1023615449666976,0.0024258117191493,0.1072988510131836,1.0
weekly,4,20d,21,74.75752287497744,2553,547,548,125.23063659667967,7.863387584686279,-0.0598724212215483,-0.0660922175613165,0.481786133960047,10.77017593383789,0.153127834200859,115.6613311767578,7.676825523376465,-0.1754992164363929,-0.1683651632827975,0.4881170018281535,8.393329620361328,0.141805037856102,159.1403045654297,10.997182846069336,-0.1112013236499823,-0.1133945539951069,0.5018248175182481,6.327094078063965,0.1454658061265945,0.00487852236256,0.153127834200859,1.0
weekly,4,5d,19,68.75635891605634,2553,547,548,0.2046958655118942,0.3796890676021576,-0.0184541279642537,-0.0061370439174421,0.5080297688993342,0.3258571922779083,0.0759601891040802,0.9050794839859008,0.8652265667915344,-0.1109386952306572,-0.124743893921926,0.4826325411334552,0.3800740540027618,0.0752401202917099,1.6421360969543457,1.213279128074646,-0.0417780130292731,-0.056723573720083,0.5364963503649635,0.4017508924007416,0.0779148414731025,0.0011742518981918,0.0759601891040802,1.0
weekly,8,10d,37,120.94793725002091,2553,547,548,0.2209455966949463,0.3880785703659057,0.0512507012741934,0.0332846944338263,0.517822169996083,0.4291399419307709,0.1072988510131836,0.3794992864131927,0.5514518618583679,-0.0857007201263835,-0.0947930936370612,0.4771480804387568,0.2583076357841491,0.1028362661600112,0.7148405313491821,0.74390709400177,-0.1423336665222018,-0.1485812202560821,0.5182481751824818,0.422059416770935,0.1023615449666976,0.0024258117191493,0.1072988510131836,1.0
weekly,8,20d,60,192.76298466703156,2553,547,548,5.189213752746582,1.930670976638794,0.0104166892404488,-0.012152425056561,0.5503329416372895,1.657265543937683,0.153127834200859,20.529325485229492,4.300327777862549,-0.2394065557181249,-0.1998066778319837,0.5301645338208409,1.3864551782608032,0.141805037856102,38.16801834106445,5.967817306518555,-0.1291348268319268,-0.2153785905133808,0.5291970802919708,1.5725570917129517,0.1454658061265945,0.00487852236256,0.153127834200859,1.0
weekly,8,5d,36,118.16682416701224,2553,547,548,58.75450897216797,5.7735161781311035,0.056518982111958,0.0303790418737409,0.5131218174696436,7.6477370262146,0.0759601891040802,25.159873962402344,4.119704246520996,0.0589847872986926,0.0568772968433608,0.4936014625228519,5.0191521644592285,0.0752401202917099,28.33681869506836,3.639723300933838,-0.0272748395824394,-0.0419679050402339,0.4908759124087591,5.075869083404541,0.0779148414731025,0.0011742518981918,0.0759601891040802,1.0
weekly,12,10d,45,140.48090424999828,2553,547,548,42.00067138671875,5.013489246368408,-0.0769232405570486,-0.0606247514963707,0.4625930278104191,6.466161727905273,0.1072988510131836,21.949798583984375,3.828566789627075,-0.005318959667931,0.020361373073537,0.5009140767824497,4.058961391448975,0.1028362661600112,34.9975471496582,4.973522186279297,0.0812368275527699,0.0510095856397551,0.5620437956204379,5.57628870010376,0.1023615449666976,0.0024258117191493,0.1072988510131836,1.0
weekly,12,20d,49,149.50603987497743,2553,547,548,11.794816970825195,2.9637815952301025,0.2026379668253421,0.196541117277015,0.4974539757148453,2.085284471511841,0.153127834200859,58.42091751098633,6.800556182861328,0.2239435164790748,0.1399217151807961,0.4680073126142596,3.5180513858795166,0.141805037856102,103.68701171875,10.02612018585205,0.2793674577366354,0.2583742833941064,0.468978102189781,1.8138844966888428,0.1454658061265945,0.00487852236256,0.153127834200859,1.0
weekly,12,5d,30,95.5181722920388,2553,547,548,0.3330577313899994,0.4902029037475586,-0.0064492802309111,0.0078156777085174,0.4868781825303564,0.4131677746772766,0.0759601891040802,1.3242946863174438,1.1027358770370483,0.0956850138753434,0.107880011129998,0.5155393053016454,0.3276040852069855,0.0752401202917099,2.3999991416931152,1.505348801612854,0.1072409276850612,0.1307760622591177,0.4635036496350365,0.3660190105438232,0.0779148414731025,0.0011742518981918,0.0759601891040802,1.0
weekly,13,10d,47,154.63395804201718,2553,547,548,463.2466735839844,16.71047019958496,0.0712952547366606,0.045620117784421,0.5217391304347826,21.527170181274418,0.1072988510131836,206.7103729248047,11.691461563110352,0.0944083314065633,0.0667442834291599,0.5338208409506399,12.92965030670166,0.1028362661600112,239.47360229492188,12.52534294128418,-0.0274683374352107,0.0021302638919104,0.4598540145985401,14.637499809265137,0.1023615449666976,0.0024258117191493,0.1072988510131836,1.0
weekly,13,20d,19,61.63740599999437,2553,547,548,9.913921356201172,2.3339858055114746,0.1596598706304705,0.1561324967423667,0.5319232275754014,2.618701457977295,0.153127834200859,20.927059173583984,3.842360258102417,0.2294808712919633,0.1714444311956568,0.4680073126142596,2.5113070011138916,0.141805037856102,37.806190490722656,5.96138858795166,0.2872966368133151,0.2782418298833833,0.468978102189781,1.5413322448730469,0.1454658061265945,0.00487852236256,0.153127834200859,1.0
weekly,13,5d,40,130.6895885830163,2553,547,548,42.02143478393555,4.901064395904541,0.0614642205313215,0.0350923061084352,0.5033294163728946,6.444089412689209,0.0759601891040802,19.515031814575195,3.626128911972046,0.0540142614114726,0.0511351892631817,0.5082266910420475,4.281065940856934,0.0752401202917099,26.67473030090332,4.106927871704102,-0.0022113995994087,-0.0072224026891077,0.4835766423357664,5.1439924240112305,0.0779148414731025,0.0011742518981918,0.0759601891040802,1.0
weekly,14,10d,60,123.35265983297722,2553,547,548,963.1571655273438,24.096302032470703,0.0806231174612058,0.0487808065958079,0.5209557383470427,30.98638916015625,0.1072988510131836,477.2642822265625,17.206960678100586,0.0596969261672938,0.0632660490807453,0.5301645338208409,18.706214904785156,0.1028362661600112,500.4940185546875,18.759119033813477,-0.0404968623417887,-0.0351074088768979,0.4288321167883211,20.06013298034668,0.1023615449666976,0.0024258117191493,0.1072988510131836,1.0
weekly,14,20d,21,42.373094792012125,2553,547,548,304.4461975097656,12.760554313659668,0.09472134377843047,0.07767154385587248,0.5342734038386212,17.444868087768555,0.15312783420085907,125.76346588134766,9.129800796508789,0.04760563648943661,0.018512522374881712,0.5137111517367459,11.067313194274902,0.141805037856102,121.63818359375,8.649137496948242,-0.016746845492656443,-0.03670273392505883,0.5237226277372263,11.010849952697754,0.14546580612659454,0.004878522362560034,0.15312783420085907,1.0
weekly,14,5d,18,37.158959624997806,2553,547,548,0.9090741276741028,0.8660109043121338,0.0955988918509893,0.0862178040420225,0.4982373678025852,0.4584291577339172,0.0759601891040802,4.7738447189331055,2.038743734359741,0.1355531935622332,0.1388562818771392,0.5155393053016454,0.7923828363418579,0.0752401202917099,8.947932243347168,2.9621474742889404,0.2118050206217835,0.1806479578649437,0.4635036496350365,0.4261541366577148,0.0779148414731025,0.0011742518981918,0.0759601891040802,1.0
