anchor_date,gate_patch_5,gate_patch_10,gate_patch_20,gate_patch_30
2024-03-01,0.23679423,0.12736338,0.35131687,0.28452548
2024-03-04,0.2563554,0.13851817,0.30916828,0.29595813
2024-03-05,0.3881064,0.14398576,0.20818907,0.25971872
2024-03-06,0.3980905,0.14741449,0.19772093,0.25677404
2024-03-07,0.5224137,0.10767517,0.15193632,0.21797483
2024-03-08,0.58320075,0.08341648,0.11503235,0.21835035
2024-03-11,0.6914132,0.06763564,0.12151024,0.11944094
2024-03-12,0.6653303,0.06269754,0.14702305,0.12494913
2024-03-13,0.67376494,0.045797117,0.12994602,0.15049192
2024-03-14,0.7058459,0.027154017,0.12847304,0.138527
2024-03-15,0.73458725,0.022502273,0.11396241,0.12894809
2024-03-18,0.72814,0.015273083,0.11907235,0.13751452
2024-03-19,0.68915,0.010277646,0.1549798,0.14559259
2024-03-20,0.6436294,0.012218111,0.2072956,0.13685696
2024-03-21,0.6081447,0.015618201,0.26169878,0.11453831
2024-03-22,0.6172822,0.01538714,0.28388327,0.0834474
2024-03-25,0.54027486,0.021312611,0.33610564,0.10230688
2024-03-26,0.5208194,0.03708138,0.330199,0.11190025
2024-03-27,0.4831618,0.044534285,0.3343727,0.13793118
2024-03-28,0.44355857,0.05778906,0.34944442,0.14920798
2024-04-01,0.39541632,0.103722915,0.3230888,0.17777188
2024-04-02,0.35359254,0.16824478,0.29112142,0.18704124
2024-04-03,0.3649427,0.19893794,0.2532402,0.18287921
2024-04-04,0.3362224,0.23927055,0.25990763,0.16459945
2024-04-05,0.39711037,0.21979278,0.24554895,0.13754788
2024-04-08,0.3900607,0.1910151,0.29625118,0.122673
2024-04-09,0.39217213,0.28312683,0.21648848,0.10821257
2024-04-10,0.35082713,0.35992697,0.19719438,0.09205156
2024-04-11,0.373938,0.28585723,0.23897177,0.10123298
2024-04-12,0.3435563,0.2659192,0.23597851,0.15454601
2024-04-15,0.30856115,0.2437801,0.24157372,0.20608501
2024-04-16,0.31559017,0.21793726,0.18862556,0.27784705
2024-04-17,0.31528696,0.19077702,0.19815655,0.29577947
2024-04-18,0.31616682,0.18039963,0.16309811,0.34033537
2024-04-19,0.26276416,0.186404,0.14746284,0.40336892
2024-04-22,0.21805075,0.17568246,0.18056566,0.4257012
2024-04-23,0.18654098,0.17098849,0.16721372,0.47525683
2024-04-24,0.22746956,0.18596455,0.152821,0.4337448
2024-04-25,0.27712953,0.16605803,0.11140518,0.44540736
2024-04-26,0.2850855,0.1387782,0.08008266,0.4960536
2024-04-29,0.31683478,0.13640629,0.06406912,0.48268986
2024-04-30,0.3641424,0.15075824,0.059119117,0.42598027
2024-05-01,0.38142514,0.1497418,0.051198043,0.41763508
2024-05-02,0.4807304,0.12715308,0.038820717,0.35329577
2024-05-03,0.5503345,0.09620106,0.032106973,0.32135743
2024-05-06,0.6394658,0.06824547,0.029239528,0.26304922
2024-05-07,0.6744432,0.048263066,0.033403076,0.24389058
2024-05-08,0.6790393,0.04146082,0.037992243,0.24150759
2024-05-09,0.6623117,0.040495623,0.055671442,0.24152127
2024-05-10,0.6923317,0.041100096,0.07283113,0.19373718
2024-05-13,0.6858796,0.036847048,0.0810779,0.19619548
2024-05-14,0.70531064,0.032426085,0.09448089,0.1677824
2024-05-15,0.7044496,0.033690803,0.09999062,0.16186896
2024-05-16,0.72784585,0.03491532,0.10998858,0.12725034
2024-05-17,0.7214337,0.026658144,0.120610125,0.13129804
2024-05-20,0.69248456,0.028235547,0.12980652,0.14947344
2024-05-21,0.66598505,0.029477444,0.14773878,0.15679863
2024-05-22,0.59372944,0.03495715,0.18985955,0.18145388
2024-05-23,0.63108647,0.040904123,0.16946383,0.15854551
2024-05-24,0.5750392,0.06167258,0.15667586,0.20661238
2024-05-28,0.58694947,0.07098385,0.14011888,0.2019478
2024-05-29,0.59192914,0.07782654,0.1323786,0.1978657
2024-05-30,0.6360941,0.07712119,0.11784023,0.1689444
2024-05-31,0.65861285,0.06485646,0.115271725,0.16125901
2024-06-03,0.65363103,0.060603954,0.13678262,0.14898238
2024-06-04,0.6491687,0.059023023,0.13703695,0.15477133
2024-06-05,0.60762054,0.057058595,0.18660936,0.14871156
2024-06-06,0.5945245,0.05071993,0.1932192,0.16153632
2024-06-07,0.55434406,0.051699996,0.21784265,0.17611335
2024-06-10,0.5337013,0.047878467,0.23258162,0.18583861
2024-06-11,0.5159527,0.048323285,0.22283158,0.2128924
2024-06-12,0.5400905,0.0446413,0.21427433,0.20099394
2024-06-13,0.5550094,0.04603238,0.18425214,0.2147061
2024-06-14,0.5551983,0.04226735,0.1790844,0.22344993
2024-06-17,0.57054424,0.040187348,0.1725792,0.21668918
2024-06-18,0.56366235,0.0335938,0.17899835,0.22374547
2024-06-20,0.6051056,0.028320821,0.16994737,0.1966262
2024-06-21,0.6217686,0.024170926,0.16387694,0.19018362
2024-06-24,0.6248393,0.024403382,0.15028448,0.20047274
2024-06-25,0.65844905,0.01911272,0.1367411,0.18569712
2024-06-26,0.6537042,0.019075835,0.13539122,0.19182873
2024-06-27,0.67734,0.015793135,0.115335844,0.19153099
2024-06-28,0.6958139,0.012437675,0.11297393,0.17877445
2024-07-01,0.7386705,0.009742271,0.103719085,0.14786813
2024-07-02,0.7149074,0.010746804,0.12087007,0.15347564
2024-07-03,0.7192975,0.009469136,0.13268813,0.13854519
2024-07-05,0.7159138,0.009424438,0.1465549,0.1281068
2024-07-08,0.676272,0.011353054,0.18254139,0.12983362
2024-07-09,0.6185856,0.013963232,0.19710928,0.1703419
2024-07-10,0.58873004,0.01583811,0.2102091,0.1852228
2024-07-11,0.53742135,0.01835287,0.22747225,0.21675342
2024-07-12,0.5179355,0.020408949,0.24946971,0.21218584
2024-07-15,0.5074917,0.020221129,0.24689461,0.22539258
2024-07-16,0.48223555,0.027340645,0.24550995,0.24491389
2024-07-17,0.47162154,0.032975696,0.2769885,0.21841419
2024-07-18,0.48478913,0.03543248,0.27093735,0.20884101
2024-07-19,0.48309943,0.03451699,0.28085548,0.20152816
2024-07-22,0.4789837,0.038449075,0.2915563,0.19101103
2024-07-23,0.45833609,0.039125014,0.28079712,0.22174177
2024-07-24,0.42604527,0.04063912,0.31519473,0.21812087
2024-07-25,0.38227767,0.046146736,0.3268951,0.2446805
2024-07-26,0.36228576,0.049935523,0.29067346,0.29710528
2024-07-29,0.36138356,0.054003038,0.28431812,0.3002953
2024-07-30,0.31219873,0.054242197,0.24813366,0.3854254
2024-07-31,0.3402444,0.054116372,0.23198621,0.37365305
2024-08-01,0.33971795,0.055094697,0.24893416,0.35625324
2024-08-02,0.38488293,0.05248218,0.22389527,0.3387397
2024-08-05,0.38647074,0.056192294,0.22792524,0.32941175
2024-08-06,0.3857184,0.053902857,0.24561127,0.31476742
2024-08-07,0.38327062,0.04542944,0.2584583,0.31284165
2024-08-08,0.43750396,0.04512983,0.22300148,0.29436478
2024-08-09,0.45984396,0.042892437,0.19559765,0.3016659
2024-08-12,0.46890414,0.048630875,0.18777935,0.2946856
2024-08-13,0.50269675,0.039882887,0.15100865,0.30641168
2024-08-14,0.5978303,0.04213484,0.1187328,0.241302
2024-08-15,0.6595222,0.030650372,0.101598874,0.20822866
2024-08-16,0.69465894,0.02523041,0.08747771,0.19263296
2024-08-19,0.767059,0.014863248,0.08052513,0.13755265
2024-08-20,0.7593534,0.010671602,0.099272296,0.13070275
2024-08-21,0.7645311,0.007779987,0.12873162,0.098957345
2024-08-22,0.7276796,0.007182871,0.17344074,0.09169681
2024-08-23,0.67200315,0.0076852096,0.24000604,0.08030558
2024-08-26,0.6308826,0.009991436,0.28025246,0.07887341
2024-08-27,0.663773,0.010415959,0.25754413,0.068266906
2024-08-28,0.6749027,0.009858627,0.25350803,0.061730705
2024-08-29,0.63725114,0.013255051,0.28699392,0.062499944
2024-08-30,0.62405473,0.014895584,0.29876673,0.062282976
2024-09-03,0.57018703,0.015308991,0.35342842,0.061075516
2024-09-04,0.48479676,0.015966985,0.44123423,0.058002006
2024-09-05,0.38379484,0.022024557,0.5318909,0.06228967
2024-09-06,0.32449195,0.023500135,0.59379894,0.05820903
2024-09-09,0.27655724,0.02499348,0.63764197,0.0608073
2024-09-10,0.25586003,0.031607457,0.6510288,0.06150367
2024-09-11,0.20720764,0.035116334,0.69609916,0.061576936
2024-09-12,0.23579195,0.039770134,0.6557126,0.068725295
2024-09-13,0.2466182,0.06370551,0.6007658,0.088910505
2024-09-16,0.23949756,0.07652277,0.58807653,0.09590316
2024-09-17,0.24942265,0.08826325,0.5205285,0.14178555
2024-09-18,0.2423019,0.095640644,0.50918984,0.15286763
2024-09-19,0.2624822,0.13861519,0.39727712,0.2016255
2024-09-20,0.23792692,0.19346924,0.34036732,0.22823651
2024-09-23,0.21814807,0.2728246,0.23566796,0.27335936
2024-09-24,0.19056407,0.3766635,0.16051134,0.2722611
2024-09-25,0.17529291,0.37745866,0.119790025,0.32745847
2024-09-26,0.15038894,0.41568276,0.08831892,0.34560937
2024-09-27,0.13411777,0.43560097,0.08016569,0.35011557
2024-09-30,0.11697025,0.48852032,0.0664711,0.3280384
2024-10-01,0.124028906,0.5085741,0.04714101,0.32025596
2024-10-02,0.11721665,0.53181094,0.047902208,0.3030702
2024-10-03,0.109159194,0.51928914,0.045538116,0.3260136
2024-10-04,0.12640984,0.47435308,0.04926815,0.34996888
2024-10-07,0.14888093,0.39716017,0.051974077,0.40198475
2024-10-08,0.15190151,0.40591592,0.050942197,0.3912403
2024-10-09,0.14616768,0.38937578,0.048896767,0.4155598
2024-10-10,0.11746957,0.35805666,0.036092732,0.488381
2024-10-11,0.11491051,0.3042489,0.034295484,0.546545
2024-10-14,0.10013252,0.308906,0.040192172,0.5507693
2024-10-15,0.10236666,0.32082635,0.03489206,0.541915
2024-10-16,0.122953564,0.32411164,0.029374054,0.52356076
2024-10-17,0.20904064,0.27933103,0.025145536,0.48648277
2024-10-18,0.24953277,0.2741162,0.024190456,0.45216054
2024-10-21,0.31168407,0.21309435,0.03127445,0.44394717
2024-10-22,0.3573926,0.14927664,0.031950787,0.4613799
2024-10-23,0.39624754,0.16100018,0.034859266,0.40789297
2024-10-24,0.41061297,0.1521193,0.055699978,0.3815677
2024-10-25,0.34207433,0.16184519,0.07003491,0.42604554
2024-10-28,0.32725236,0.16961136,0.0610024,0.44213384
2024-10-29,0.33212537,0.20996378,0.057271738,0.40063912
2024-10-30,0.3887221,0.20518692,0.048459366,0.35763162
2024-10-31,0.3720175,0.18339355,0.05117938,0.39340958
2024-11-01,0.38299286,0.16604754,0.054113075,0.3968465
2024-11-04,0.42750007,0.14776215,0.058844563,0.36589321
2024-11-05,0.43721753,0.13760294,0.100362375,0.32481706
2024-11-06,0.41336435,0.15693961,0.11599567,0.31370038
2024-11-07,0.2888303,0.20724264,0.13440494,0.36952212
2024-11-08,0.2682094,0.21285859,0.17629847,0.34263352
2024-11-11,0.22918658,0.22516885,0.24348986,0.30215472
2024-11-12,0.2027434,0.24798197,0.23251274,0.31676185
2024-11-13,0.20079069,0.2578207,0.21626355,0.32512504
2024-11-14,0.21980865,0.2714546,0.17912088,0.32961583
2024-11-15,0.21854731,0.24855937,0.15682955,0.37606373
2024-11-18,0.19872053,0.23294531,0.18976304,0.37857106
2024-11-19,0.18539305,0.17672795,0.18782282,0.4500562
2024-11-20,0.14765364,0.19685256,0.1765395,0.47895426
2024-11-21,0.15404455,0.23706947,0.21454744,0.3943385
2024-11-22,0.1380841,0.23097792,0.21385795,0.41708007
2024-11-25,0.18467422,0.25784954,0.18384011,0.37363607
2024-11-26,0.22166209,0.31223285,0.1368153,0.32928973
2024-11-27,0.256136,0.34986424,0.12227966,0.2717201
2024-11-29,0.269296,0.29884052,0.116457865,0.31540564
2024-12-02,0.3208539,0.23787504,0.105180375,0.3360907
2024-12-03,0.41878447,0.18435621,0.08120252,0.31565678
2024-12-04,0.42746538,0.18142454,0.07649873,0.31461135
2024-12-05,0.46507314,0.14039032,0.086845376,0.3076911
2024-12-06,0.47458452,0.11674235,0.083128124,0.32554507
2024-12-09,0.5552875,0.1106867,0.082611695,0.2514141
2024-12-10,0.5908462,0.09930566,0.09213379,0.21771438
2024-12-11,0.5728161,0.08853819,0.1178693,0.22077647
2024-12-12,0.5573861,0.10258217,0.122284725,0.21774703
2024-12-13,0.54374015,0.10923384,0.14757541,0.19945057
2024-12-16,0.5527701,0.10021599,0.15842357,0.18859032
2024-12-17,0.46206465,0.10871479,0.2135105,0.2157101
2024-12-18,0.3734398,0.12777083,0.25893992,0.23984936
2024-12-19,0.3035428,0.17505388,0.23499818,0.28640512
2024-12-20,0.28437975,0.19573204,0.25571194,0.2641762
2024-12-23,0.29120383,0.20375098,0.24987659,0.25516862
2024-12-24,0.28775433,0.20678335,0.2619753,0.243487
2024-12-26,0.24223645,0.2538692,0.24675731,0.25713703
2024-12-27,0.20768738,0.27335653,0.26830158,0.25065455
2024-12-30,0.19429132,0.32317677,0.26837224,0.21415971
2024-12-31,0.1921886,0.34473556,0.2662015,0.19687437
2025-01-02,0.21194723,0.36291838,0.20626344,0.21887095
2025-01-03,0.19459745,0.3671732,0.18562551,0.25260377
2025-01-06,0.17271274,0.39305243,0.18999916,0.24423571
2025-01-07,0.15546085,0.4251107,0.17517368,0.24425484
2025-01-08,0.15794297,0.47830975,0.13041674,0.23333053
2025-01-10,0.17450717,0.472289,0.08852548,0.2646784
2025-01-13,0.1653093,0.45363545,0.075114764,0.3059405
2025-01-14,0.1648317,0.3803111,0.08196163,0.37289554
2025-01-15,0.17006329,0.3773637,0.08116751,0.3714055
2025-01-16,0.15517022,0.40141752,0.07589218,0.36752015
2025-01-17,0.14306,0.45389235,0.06546763,0.33758
2025-01-21,0.11539852,0.5152936,0.054045815,0.31526202
2025-01-22,0.100042194,0.50434047,0.04000691,0.3556105
2025-01-23,0.110114545,0.49190813,0.038521692,0.3594556
2025-01-24,0.11984676,0.46482003,0.03563806,0.37969515
2025-01-27,0.12480357,0.46978232,0.031448003,0.37396616
2025-01-28,0.11546935,0.42842555,0.03630132,0.41980377
2025-01-29,0.11630026,0.40568316,0.042224165,0.43579245
2025-01-30,0.10539799,0.42219314,0.047126003,0.4252829
2025-01-31,0.08940864,0.42826644,0.05345255,0.42887247
2025-02-03,0.09188078,0.4253022,0.055930164,0.42688683
2025-02-04,0.09205288,0.44352844,0.04774933,0.41666928
2025-02-05,0.105799295,0.4808543,0.04355785,0.36978856
2025-02-06,0.10755758,0.50558233,0.03916036,0.3476998
2025-02-07,0.10907878,0.5255316,0.034322407,0.3310672
2025-02-10,0.1176132,0.52328444,0.03206327,0.32703915
2025-02-11,0.14004366,0.5276154,0.034484882,0.29785597
2025-02-12,0.13497666,0.53169256,0.041276395,0.29205436
2025-02-13,0.15734063,0.4839268,0.054099604,0.3046329
2025-02-14,0.18151651,0.46257907,0.05157777,0.30432662
2025-02-18,0.20825595,0.42905656,0.056291394,0.3063961
2025-02-19,0.20660321,0.39829096,0.05964934,0.33545646
2025-02-20,0.21895956,0.37267599,0.056122888,0.35224155
2025-02-21,0.22753061,0.38040394,0.06141465,0.33065087
2025-02-24,0.22864316,0.36985114,0.06516531,0.33634037
2025-02-25,0.27699506,0.27225703,0.0703817,0.38036627
2025-02-26,0.26485267,0.26137587,0.09498647,0.37878495
2025-02-27,0.2959549,0.2667354,0.10608291,0.33122677
2025-02-28,0.26148957,0.3113838,0.09261804,0.33450857
2025-03-03,0.23035681,0.2969597,0.12438813,0.34829536
2025-03-04,0.16982001,0.26438442,0.15333003,0.4124656
2025-03-05,0.16623838,0.25720185,0.1535179,0.4230419
2025-03-06,0.17041004,0.22110774,0.16025628,0.44822595
2025-03-07,0.17445132,0.2621449,0.16296451,0.4004393
2025-03-10,0.158601,0.33798638,0.12975243,0.37366018
2025-03-11,0.15493076,0.37338042,0.12919806,0.3424907
2025-03-12,0.15654835,0.36256793,0.12575707,0.3551266
2025-03-13,0.14075036,0.40088353,0.11483809,0.34352803
2025-03-14,0.15350549,0.42978272,0.12265222,0.29405957
2025-03-17,0.15564077,0.41484052,0.121536955,0.30798182
2025-03-18,0.17666431,0.4272601,0.11216046,0.2839151
2025-03-19,0.17762218,0.44110966,0.107934795,0.27333334
2025-03-20,0.19005524,0.40480363,0.12420166,0.28093946
2025-03-21,0.19315624,0.38128796,0.117499374,0.30805647
2025-03-24,0.18199793,0.3842621,0.11247348,0.32126644
2025-03-25,0.19624902,0.3692626,0.10516264,0.32932577
2025-03-26,0.20310497,0.3623518,0.09900288,0.3355403
2025-03-27,0.19613919,0.3922622,0.08076497,0.3308336
2025-03-28,0.22244796,0.3611011,0.08312567,0.33332533
2025-03-31,0.23283793,0.33073473,0.09172976,0.3446976
2025-04-01,0.24340266,0.3419567,0.09190539,0.32273534
2025-04-02,0.23234853,0.34037867,0.09053035,0.33674237
2025-04-03,0.24013053,0.34817627,0.09215914,0.31953403
2025-04-04,0.23138021,0.36945757,0.08812631,0.31103593
2025-04-07,0.17459741,0.3831878,0.089599244,0.35261548
2025-04-08,0.16814819,0.38409328,0.096000396,0.35175815
2025-04-09,0.14339027,0.42297527,0.09293758,0.34069693
2025-04-10,0.15487829,0.44464695,0.08960708,0.3108677
2025-04-11,0.16408478,0.43899527,0.08154658,0.31537342
2025-04-14,0.17221786,0.43726045,0.08342816,0.30709356
2025-04-15,0.17010239,0.45757675,0.08309324,0.28922772
2025-04-16,0.17214948,0.45748764,0.0975767,0.27278614
2025-04-17,0.15057679,0.4826361,0.09873248,0.26805466
2025-04-21,0.14316605,0.5061717,0.10190707,0.2487552
2025-04-22,0.14933214,0.49291575,0.104028516,0.25372353
2025-04-23,0.1634843,0.49768877,0.097770214,0.24105674
2025-04-24,0.14115894,0.5222343,0.08340722,0.25319952
2025-04-25,0.16245404,0.47763738,0.071001776,0.2889067
2025-04-28,0.18465176,0.4438845,0.06886094,0.3026028
2025-04-29,0.18415527,0.47676796,0.070779905,0.2682969
2025-04-30,0.19520523,0.4346637,0.063322484,0.30680856
2025-05-01,0.20880084,0.4386777,0.06649206,0.2860294
2025-05-02,0.20591645,0.4189796,0.06698556,0.30811846
2025-05-05,0.22645618,0.42420968,0.066264726,0.28306943
2025-05-06,0.25786442,0.35657686,0.075707376,0.30985138
2025-05-07,0.24350418,0.35789567,0.07473851,0.3238616
2025-05-08,0.22348584,0.38420376,0.07173457,0.32057577
2025-05-09,0.19572654,0.4228534,0.06861081,0.31280926
2025-05-12,0.20313406,0.41375986,0.069533736,0.31357235
2025-05-13,0.18938635,0.46829796,0.059555404,0.28276035
2025-05-14,0.21099448,0.48669958,0.04198196,0.2603239
2025-05-15,0.19767597,0.5300613,0.036592964,0.23566979
2025-05-16,0.19227996,0.51237094,0.03427171,0.2610774
2025-05-19,0.19055907,0.5230384,0.035062198,0.25134033
2025-05-20,0.23856883,0.46718147,0.05015464,0.24409495
2025-05-21,0.22227289,0.4588961,0.05595749,0.26287356
2025-05-22,0.2384807,0.48873827,0.0678457,0.20493536
2025-05-23,0.22516382,0.50876576,0.07591255,0.19015785
2025-05-27,0.22067755,0.5249573,0.07900807,0.17535703
2025-05-28,0.22451177,0.4611324,0.08617838,0.22817743
2025-05-29,0.23548332,0.38369715,0.08669714,0.29412243
2025-05-30,0.23572665,0.3109168,0.095799394,0.35755715
2025-06-02,0.22368897,0.31526384,0.103717335,0.35732985
2025-06-03,0.23540547,0.25705975,0.09935237,0.4081824
2025-06-04,0.23639046,0.24229875,0.10069157,0.4206192
2025-06-05,0.22685042,0.2234911,0.10101028,0.44864824
2025-06-06,0.25138965,0.2243069,0.09096591,0.43333754
2025-06-09,0.2840562,0.18385395,0.076062575,0.45602727
2025-06-10,0.3141812,0.17398383,0.06635848,0.44547653
2025-06-11,0.40272087,0.14542343,0.052156847,0.39969882
2025-06-12,0.370637,0.12805499,0.042999934,0.45830807
2025-06-13,0.42193457,0.10268999,0.0366746,0.43870085
2025-06-16,0.4493758,0.123222716,0.040175408,0.38722613
2025-06-17,0.510051,0.12646091,0.033938862,0.32954925
2025-06-18,0.5420815,0.11773942,0.030000357,0.3101788
2025-06-20,0.5955864,0.09154804,0.03175056,0.28111503
2025-06-23,0.61064005,0.08011527,0.04412425,0.26512042
2025-06-24,0.5942313,0.06793195,0.0992283,0.23860836
2025-06-25,0.54381365,0.06692001,0.12069771,0.26856866
2025-06-26,0.5080487,0.090617515,0.14966798,0.2516657
2025-06-27,0.38462183,0.08728218,0.19568852,0.3324075
2025-06-30,0.27249658,0.07520506,0.21124014,0.44105828
2025-07-01,0.24018264,0.069753975,0.22590919,0.46415415
2025-07-02,0.25364095,0.07500458,0.18937078,0.48198363
2025-07-03,0.34001315,0.100409016,0.17900087,0.380577
2025-07-07,0.3936361,0.13849543,0.12559012,0.3422784
2025-07-08,0.46676087,0.12343286,0.09895216,0.31085417
2025-07-09,0.5404043,0.10041284,0.08596712,0.27321568
2025-07-10,0.5832823,0.07762745,0.09794987,0.24114041
2025-07-11,0.6384777,0.062478602,0.10176422,0.19727951
2025-07-14,0.5944166,0.053560004,0.09880408,0.2532193
2025-07-15,0.5703504,0.051156078,0.14464222,0.23385128
2025-07-16,0.52842,0.063738234,0.17605875,0.23178309
2025-07-17,0.47651586,0.061620124,0.15956633,0.30229774
2025-07-18,0.49720865,0.0483478,0.1694008,0.28504273
2025-07-21,0.49960378,0.03624233,0.14827032,0.31588358
2025-07-22,0.54461765,0.035854593,0.116715394,0.30281234
2025-07-23,0.55972964,0.025254719,0.15464541,0.2603702
2025-07-24,0.55172795,0.02084302,0.18350835,0.24392068
2025-07-25,0.552486,0.023972495,0.20191297,0.22162855
2025-07-28,0.5409617,0.028765714,0.23320284,0.1970698
2025-07-29,0.5726447,0.028745744,0.20939717,0.18921229
2025-07-30,0.583365,0.03713976,0.15751569,0.22197951
2025-07-31,0.6646265,0.030819831,0.10286156,0.2016922
2025-08-01,0.723361,0.029255915,0.07839435,0.1689887
2025-08-04,0.76177275,0.022292,0.06116409,0.15477116
2025-08-05,0.82805806,0.013795894,0.042557918,0.1155882
2025-08-06,0.85134846,0.009929617,0.04823316,0.09048869
2025-08-07,0.83532387,0.008986664,0.06301015,0.09267927
2025-08-08,0.8451767,0.00551173,0.07883258,0.07047899
2025-08-11,0.82436085,0.0034975775,0.10048372,0.071657754
2025-08-12,0.75923544,0.0037155629,0.17197558,0.06507335
2025-08-13,0.708341,0.0047939583,0.21403278,0.07283227
2025-08-14,0.5967396,0.0050692274,0.32290375,0.075287476
2025-08-15,0.56415224,0.0075706504,0.3525875,0.07568964
2025-08-18,0.5711447,0.011419776,0.33362457,0.08381088
2025-08-19,0.6362819,0.012779198,0.25771847,0.09322034
2025-08-20,0.60455394,0.019887364,0.24814148,0.1274172
2025-08-21,0.5658737,0.02809626,0.24908604,0.15694396
2025-08-22,0.5116532,0.035946175,0.31532338,0.13707727
2025-08-25,0.50388634,0.0339645,0.33942786,0.122721255
2025-08-26,0.5084329,0.037158974,0.33485088,0.11955717
2025-08-27,0.5347506,0.04485334,0.30208722,0.11830889
2025-08-28,0.50620145,0.040242396,0.33962217,0.113934055
2025-08-29,0.51970637,0.03429524,0.33747798,0.10852045
2025-09-02,0.5099458,0.030404102,0.3202348,0.13941528
2025-09-03,0.52115464,0.020146023,0.32394162,0.13475776
2025-09-04,0.5271403,0.024570944,0.27535474,0.17293403
2025-09-05,0.5010572,0.024104172,0.26616052,0.2086781
2025-09-08,0.5040893,0.022931239,0.24833408,0.22464545
2025-09-09,0.42841932,0.024327049,0.25219327,0.29506043
2025-09-10,0.48641574,0.026425468,0.17559128,0.31156754
2025-09-11,0.52928895,0.029118758,0.155853,0.28573936
2025-09-12,0.49680358,0.031601034,0.16149865,0.31009683
2025-09-15,0.49435347,0.051857598,0.16585276,0.28793618
2025-09-16,0.43783224,0.07452707,0.17484695,0.31279385
2025-09-17,0.468442,0.08555561,0.13003919,0.31596324
2025-09-18,0.5203816,0.08234911,0.1038783,0.29339096
2025-09-19,0.6007992,0.07829961,0.07637709,0.24452408
2025-09-22,0.6729701,0.059096277,0.05298202,0.2149516
2025-09-23,0.6845195,0.040931966,0.057960037,0.21658853
2025-09-24,0.73849154,0.029829174,0.058261503,0.17341784
2025-09-25,0.7493326,0.023467751,0.078824,0.1483756
2025-09-26,0.7260253,0.017930267,0.11135288,0.14469156
2025-09-29,0.73932934,0.016277753,0.116992176,0.1274008
2025-09-30,0.68692327,0.017302433,0.15014294,0.14563134
2025-10-01,0.613333,0.018847913,0.19954273,0.16827643
2025-10-02,0.56501323,0.023962324,0.2051603,0.20586416
2025-10-03,0.55659527,0.026290057,0.20368205,0.21343262
2025-10-06,0.58743817,0.029077876,0.1753859,0.20809796
2025-10-07,0.5814743,0.038826607,0.16127144,0.21842755
2025-10-08,0.5656539,0.04341632,0.16892785,0.22200191
2025-10-09,0.56795084,0.03977589,0.16649276,0.22578052
2025-10-10,0.59751856,0.036663182,0.16017622,0.20564201
2025-10-13,0.6120866,0.03487567,0.17657351,0.17646419
2025-10-14,0.6147401,0.03138415,0.18610033,0.16777542
2025-10-15,0.5692967,0.027486132,0.22330426,0.17991279
2025-10-16,0.5782506,0.0288561,0.24353331,0.14935993
2025-10-17,0.5644179,0.0258512,0.24886833,0.16086258
2025-10-20,0.5922074,0.02761314,0.21951966,0.16065986
2025-10-21,0.59905815,0.025781455,0.19998087,0.1751795
2025-10-22,0.6396216,0.018921107,0.17120124,0.17025599
2025-10-23,0.64532113,0.014615852,0.17277864,0.16728441
2025-10-24,0.59882253,0.014336846,0.21946798,0.16737258
2025-10-27,0.6180348,0.014985904,0.20458889,0.16239049
2025-10-28,0.6089227,0.017735643,0.20421915,0.16912246
2025-10-29,0.6338267,0.018327452,0.19655906,0.15128684
2025-10-30,0.62331593,0.018291607,0.18939367,0.1689988
2025-10-31,0.6577702,0.015959127,0.16436097,0.16190965
2025-11-03,0.69718945,0.019764718,0.14229049,0.14075534
2025-11-04,0.68769276,0.023150148,0.14795914,0.14119786
2025-11-05,0.7273553,0.024081713,0.11120663,0.13735637
2025-11-06,0.7427596,0.022984365,0.1087154,0.12554072
2025-11-07,0.76480067,0.01903709,0.10266855,0.11349371
2025-11-10,0.75393546,0.015875898,0.108727194,0.12146145
2025-11-11,0.6812772,0.014978953,0.17616045,0.1275834
2025-11-12,0.6600834,0.016945885,0.19988187,0.12308882
2025-11-13,0.59828883,0.020841574,0.25453997,0.12632968
2025-11-14,0.5386328,0.020572536,0.30349967,0.13729498
2025-11-17,0.49739644,0.021246197,0.3468076,0.13454975
2025-11-18,0.47183245,0.024384232,0.35449234,0.14929104
2025-11-19,0.5243681,0.024125557,0.31545812,0.13604814
2025-11-20,0.5272587,0.02405854,0.2850627,0.16362005
2025-11-21,0.49619213,0.027276127,0.30091006,0.17562178
2025-11-24,0.46475044,0.02977025,0.29517853,0.21030074
2025-11-25,0.47022253,0.027265932,0.28951952,0.21299203
2025-11-26,0.47558716,0.02578862,0.28747982,0.21114445
2025-11-28,0.49186835,0.03057464,0.25305477,0.2245023
2025-12-01,0.5432763,0.025023703,0.2143329,0.21736705
2025-12-02,0.56303513,0.025778726,0.18418814,0.22699803
2025-12-03,0.58921957,0.023461401,0.16990785,0.21741118
2025-12-04,0.6134433,0.01892913,0.19086136,0.17676622
2025-12-05,0.7409553,0.01399151,0.1080755,0.13697773
2025-12-08,0.74919295,0.01372452,0.10533692,0.13174555
2025-12-09,0.77038044,0.010836229,0.1041086,0.114674725
2025-12-10,0.7179178,0.011038442,0.12574589,0.1452979
2025-12-11,0.6927691,0.010321255,0.1401228,0.15678684
2025-12-12,0.682817,0.01256741,0.1364839,0.16813174
2025-12-15,0.68300277,0.013281461,0.141032,0.1626838
2025-12-16,0.6136823,0.016502086,0.18297169,0.18684392
2025-12-17,0.55465174,0.01808026,0.20553303,0.22173496
2025-12-18,0.5707756,0.019348612,0.21212077,0.1977551
2025-12-19,0.54895717,0.02080734,0.24025646,0.18997899
2025-12-22,0.57001776,0.022340728,0.24787772,0.15976377
2025-12-23,0.5764201,0.029038312,0.24158767,0.15295388
2025-12-24,0.55095,0.029155439,0.24400653,0.17588802
2025-12-26,0.55582154,0.029420493,0.2478147,0.16694331
2025-12-29,0.5149493,0.029080294,0.2842101,0.17176029
2025-12-30,0.52681273,0.026903754,0.27224633,0.17403716
2025-12-31,0.55908203,0.025699511,0.23440273,0.18081573
2026-01-02,0.5482111,0.024781315,0.24443951,0.1825681
2026-01-05,0.5692344,0.02997095,0.26239032,0.13840431
2026-01-06,0.53700364,0.02606179,0.2706456,0.166289
2026-01-07,0.55139196,0.022123668,0.26364395,0.16284041
2026-01-08,0.50144625,0.021905763,0.30946583,0.16718218
2026-01-09,0.44925722,0.018350769,0.33164892,0.20074317
2026-01-12,0.48320755,0.015502223,0.33860445,0.16268578
2026-01-13,0.45143846,0.013636616,0.34299824,0.1919267
2026-01-14,0.45201683,0.014590736,0.31815803,0.21523441
2026-01-15,0.44330332,0.017190607,0.35386688,0.18563922
2026-01-16,0.4129886,0.016711293,0.36433536,0.20596476
2026-01-20,0.50709355,0.01529076,0.27120498,0.20641068
2026-01-21,0.5782168,0.016405204,0.20696366,0.19841434
2026-01-22,0.59936166,0.014697502,0.20119278,0.18474807
2026-01-23,0.6035774,0.013131482,0.1769948,0.20629631
2026-01-26,0.680819,0.01374158,0.12437526,0.18106423
2026-01-27,0.712505,0.013590334,0.13637684,0.13752787
2026-01-28,0.6849436,0.013844927,0.1470593,0.15415211
2026-01-29,0.71713513,0.010562839,0.13050057,0.14180145
2026-01-30,0.7616094,0.008142502,0.12469295,0.105555184
2026-02-02,0.73812354,0.0075182333,0.15230772,0.102050535
2026-02-03,0.70677626,0.0071859234,0.18944338,0.09659442
2026-02-04,0.59863514,0.008059073,0.2886577,0.10464809
2026-02-05,0.45303866,0.009811551,0.40475664,0.1323932
2026-02-06,0.3694094,0.016648468,0.49645916,0.11748293
2026-02-09,0.27379778,0.01956603,0.591041,0.11559518
2026-02-10,0.2063283,0.025418086,0.63551587,0.13273771
2026-02-11,0.20211838,0.04033379,0.61898714,0.13856068
2026-02-12,0.19887207,0.06525995,0.57854545,0.15732247
2026-02-13,0.20493658,0.105980046,0.5284678,0.1606156
2026-02-17,0.20178248,0.17160393,0.4214558,0.20515779
2026-02-18,0.24365525,0.2067042,0.3403224,0.20931815
2026-02-19,0.23387624,0.16970053,0.34625137,0.25017178
2026-02-20,0.23107202,0.16498913,0.30348358,0.30045524
2026-02-23,0.24963959,0.20468418,0.26191595,0.28376034
2026-02-24,0.2977037,0.16465722,0.26447555,0.2731635
2026-02-25,0.4405797,0.19187717,0.14804296,0.2195001
2026-02-26,0.42451736,0.16041523,0.16326904,0.2517984
2026-02-27,0.4115746,0.09355681,0.20045063,0.29441795
2026-03-02,0.38431758,0.07062283,0.23156214,0.31349745
2026-03-03,0.3642786,0.07251247,0.29368117,0.26952773
2026-03-04,0.35114306,0.08057113,0.27990717,0.28837875
2026-03-05,0.2938096,0.0924468,0.27619764,0.33754596
2026-03-06,0.23988701,0.12051616,0.2296532,0.40994358
2026-03-09,0.18846442,0.15221125,0.2344347,0.42488962
2026-03-10,0.16329344,0.1568489,0.21331088,0.46654677
2026-03-11,0.18432133,0.2015249,0.14673865,0.46741503
2026-03-12,0.20530982,0.25324178,0.119021796,0.42242658
2026-03-13,0.21520086,0.2985152,0.09627621,0.39000773
2026-03-16,0.26955214,0.28774446,0.097435445,0.3452679
2026-03-17,0.30925256,0.28404477,0.09976347,0.3069392
2026-03-18,0.3656727,0.25981092,0.10341402,0.27110234
2026-03-19,0.3747448,0.26268873,0.10189021,0.26067626
2026-03-20,0.34462216,0.24952425,0.121395595,0.28445795
2026-03-23,0.34293312,0.24232544,0.11044672,0.30429465
2026-03-24,0.32960212,0.2586324,0.12050241,0.29126307
2026-03-25,0.30581748,0.256989,0.1285034,0.30869016
2026-03-26,0.29793352,0.26446483,0.1458247,0.2917769
2026-03-27,0.27738452,0.29050094,0.14977725,0.28233725
2026-03-30,0.27753198,0.31867436,0.14245702,0.26133668
2026-03-31,0.22188279,0.3191775,0.20312929,0.25581035
2026-04-01,0.17728287,0.32374504,0.21802011,0.28095198
2026-04-02,0.13298218,0.3878082,0.21274523,0.2664644
2026-04-06,0.098037995,0.4274767,0.20371066,0.2707747
2026-04-07,0.08706301,0.49284655,0.16876683,0.2513236
2026-04-08,0.07301697,0.5593836,0.1404885,0.227111
2026-04-09,0.08005812,0.5776314,0.098432526,0.24387792
2026-04-10,0.08953975,0.5755879,0.0775801,0.25729218
2026-04-13,0.09783091,0.58810776,0.06290054,0.2511608
2026-04-14,0.110498756,0.59329367,0.059605386,0.23660214
2026-04-15,0.13383254,0.5566555,0.06351892,0.24599302
2026-04-16,0.14538507,0.52410036,0.05924304,0.27127153
2026-04-17,0.14543958,0.4967445,0.070590794,0.2872252
2026-04-20,0.16344185,0.43900594,0.07208994,0.32546225
2026-04-21,0.1837244,0.41977963,0.06975581,0.32674018
2026-04-22,0.2047331,0.4173288,0.06328126,0.3146568
2026-04-23,0.20264263,0.39539254,0.05487841,0.34708637
2026-04-24,0.2000573,0.38525122,0.059061866,0.35562968
2026-04-27,0.18308568,0.38359568,0.057163868,0.37615484
2026-04-28,0.18004568,0.39869726,0.05897496,0.36228207
2026-04-29,0.19702804,0.38887882,0.058508866,0.3555842
2026-04-30,0.18569225,0.37017414,0.078189276,0.36594436
2026-05-01,0.20521699,0.38388732,0.07055875,0.34033692
2026-05-04,0.19953965,0.42734388,0.062352818,0.31076366
2026-05-05,0.21231882,0.46447217,0.05467673,0.26853228
2026-05-06,0.18484424,0.52230966,0.043818094,0.24902798
2026-05-07,0.20067942,0.5379799,0.041733,0.21960768
