group,freqs,num_freqs,fusion,horizon,epochs_ran,elapsed_sec,train_samples,val_samples,test_samples,train_mse,train_mae,train_corr,train_rank_corr,train_direction_acc,train_pred_std,train_true_std,val_mse,val_mae,val_corr,val_rank_corr,val_direction_acc,val_pred_std,val_true_std,test_mse,test_mae,test_corr,test_rank_corr,test_direction_acc,test_pred_std,test_true_std,y_train_mean,y_train_std,test_mean_gate_patch_hourly_0,test_mean_gate_patch_hourly_1,test_mean_gate_patch_hourly_2,test_mean_gate_patch_hourly_3,test_mean_gate_patch_halfday_0,test_mean_gate_patch_halfday_1,test_mean_gate_patch_halfday_2,test_mean_gate_patch_halfday_3,test_mean_gate_patch_halfday_4,test_mean_gate_patch_daily_0,test_mean_gate_patch_daily_1,test_mean_gate_patch_daily_2,test_mean_gate_patch_daily_3,test_mean_gate_patch_weekly_0,test_mean_gate_patch_weekly_1,test_mean_gate_patch_weekly_2,test_mean_gate_patch_weekly_3,test_mean_gate_patch_weekly_4,test_mean_gate_patch_weekly_5
double_lowfreq,daily+weekly,2,concat,10d,49,3043.409967332962,2553,547,548,9.061050415039062,2.4762706756591797,0.020996374071358,0.0448100213672285,0.5186055620838229,1.8307815790176392,0.1072988510131836,4.788095951080322,2.0399889945983887,0.018116263099191,0.0125008626560367,0.4826325411334552,0.786699116230011,0.1028362661600112,5.994421005249023,2.24357008934021,0.095366645094744,0.1094312886018231,0.5255474452554745,0.9937731623649596,0.1023615449666976,0.0024258117191493,0.1072988510131836,,,,,,,,,,0.3170328140258789,0.2167922407388687,0.2136668711900711,0.2525080740451813,0.1954433619976043,0.1480700224637985,0.1821143478155136,0.1455824226140976,0.2423727810382843,0.0864170715212822
double_lowfreq,daily+weekly,2,concat,20d,29,1784.8733471250162,2553,547,548,337.71429443359375,15.718342781066896,0.0438874837171908,0.0360978597587951,0.5193889541715628,9.52641487121582,0.153127834200859,112.32036590576172,10.098821640014648,0.0243021529131128,0.0800893123615936,0.5301645338208409,3.2149980068206787,0.141805037856102,170.2489471435547,12.18830394744873,0.1985678046375106,0.2705677953987708,0.5291970802919708,4.6844048500061035,0.1454658061265945,0.00487852236256,0.153127834200859,,,,,,,,,,0.1665111482143402,0.2973563075065613,0.236719399690628,0.2994131445884704,0.1712308973073959,0.142538696527481,0.1567192673683166,0.1815798729658126,0.1670524924993515,0.1808788031339645
double_lowfreq,daily+weekly,2,concat,5d,39,2417.406165458029,2553,547,548,3985.31494140625,47.40974044799805,0.0246793995449558,0.0087544546631073,0.4970622796709753,46.72792053222656,0.0759601891040802,1789.1336669921875,33.75484085083008,0.0372696120740059,0.0324517071935563,0.5082266910420475,31.69344711303711,0.0752401202917099,1970.6767578125,34.36302185058594,0.0156917857762696,0.0079848188360711,0.5328467153284672,34.82769012451172,0.0779148414731025,0.0011742518981918,0.0759601891040802,,,,,,,,,,0.242066204547882,0.3649204671382904,0.2624845206737518,0.1305288076400756,0.1714750975370407,0.1147227734327316,0.1923108845949173,0.1790210455656051,0.1261903792619705,0.216279849410057
double_mixed,hourly+daily,2,concat,10d,52,2995.1572387909982,2553,547,548,31.831825256347656,4.054879188537598,-0.0096321977574278,0.0093526177291879,0.5068546807677242,5.602657318115234,0.1072988510131836,37.69889831542969,4.472061634063721,-0.1309670542273422,-0.1280509293364804,0.4789762340036563,6.086108684539795,0.1028362661600112,32.200828552246094,4.190191268920898,0.017110049249324,0.1005019328746157,0.5364963503649635,4.899646759033203,0.1023615449666976,0.0024258117191493,0.1072988510131836,0.204698771238327,0.2725646495819092,0.2498119920492172,0.2729245722293854,,,,,,0.2384670227766037,0.2439413666725158,0.2851875424385071,0.2324040234088897,,,,,,
double_mixed,hourly+daily,2,concat,20d,37,2096.7015274580335,2553,547,548,847.797119140625,21.18048095703125,0.0087101559332297,-0.0145540599652505,0.4790442616529573,19.988454818725582,0.153127834200859,424.4406433105469,15.089499473571776,-0.1490469117037098,-0.2330660157831673,0.4515539305301645,14.11228847503662,0.141805037856102,422.8392639160156,14.35277271270752,0.0418409983616788,0.1392612100329982,0.5091240875912408,15.186956405639648,0.1454658061265945,0.00487852236256,0.153127834200859,0.2904712855815887,0.2378377765417099,0.2680293619632721,0.2036615908145904,,,,,,0.3414978682994842,0.2562797367572784,0.2213643938302993,0.1808580011129379,,,,,,
double_mixed,hourly+daily,2,concat,5d,23,1333.9129800000228,2553,547,548,3.5456185340881348,1.2356075048446655,0.0264392424812668,0.0459143460207195,0.518213866039953,1.4574922323226929,0.0759601891040802,1.1304938793182373,0.8031480312347412,0.1168511229686619,0.1455892171587073,0.5447897623400365,0.8957363963127136,0.0752401202917099,1.481012225151062,1.0691187381744385,0.0490523520409155,0.104429999286725,0.4963503649635036,0.968450665473938,0.0779148414731025,0.0011742518981918,0.0759601891040802,0.242415651679039,0.2234874665737152,0.2255222797393798,0.3085745871067047,,,,,,0.1815099120140075,0.2413143217563629,0.2119451910257339,0.3652305901050567,,,,,,
double_short,hourly+halfday,2,concat,10d,19,438.621412999928,2553,547,548,18.2950382232666,3.0397863388061523,-0.0201954205428275,-0.0172270269363622,0.4806110458284371,3.005626678466797,0.1072988510131836,2.493100643157959,1.091172218322754,-0.1157826661602934,-0.1563169500865739,0.5100548446069469,1.2043242454528809,0.1028362661600112,7.13023567199707,1.7756783962249756,-0.0607880289853231,-0.0798866195637402,0.4872262773722627,2.053790330886841,0.1023615449666976,0.0024258117191493,0.1072988510131836,0.0940462499856948,0.4827296137809753,0.1972408145666122,0.2259833067655563,0.1532804667949676,0.2053974270820617,0.2113302499055862,0.100178025662899,0.3298138380050659,,,,,,,,,,
double_short,hourly+halfday,2,concat,20d,17,383.7411641669459,2553,547,548,34.04032516479492,3.6060245037078857,0.0273091835225379,0.0467206680382284,0.5127301214257736,4.985994815826416,0.153127834200859,22.885330200195312,2.0634453296661377,-0.0160210629289195,0.0028608618424202,0.4972577696526508,4.729569435119629,0.141805037856102,17.480098724365234,2.514862537384033,0.0399675683657735,0.0855743030041229,0.5364963503649635,3.953198194503784,0.1454658061265945,0.00487852236256,0.153127834200859,0.2007321268320083,0.1484952270984649,0.3266823291778564,0.3240903615951538,0.2534052729606628,0.2058824896812439,0.1344984918832779,0.2587408721446991,0.1474728882312774,,,,,,,,,,
double_short,hourly+halfday,2,concat,5d,50,1115.4337430410087,2553,547,548,11.142583847045898,2.0825610160827637,0.0037819720656169,0.0090562538804054,0.5060712886799843,2.644463062286377,0.0759601891040802,1.4255424737930298,0.8087056875228882,0.0451568391211803,0.1111220744449147,0.5429616087751371,1.185664176940918,0.0752401202917099,3.894216775894165,1.3158612251281738,-0.0316386198873065,0.0400058736299991,0.4890510948905109,1.9677127599716189,0.0779148414731025,0.0011742518981918,0.0759601891040802,0.3426719605922699,0.2073489278554916,0.1638607382774353,0.2861183285713196,0.2056909650564193,0.2032883018255233,0.1651290506124496,0.234902799129486,0.1909888535737991,,,,,,,,,,
full_frequency,hourly+halfday+daily+weekly,4,concat,10d,28,2453.739223500015,2553,547,548,1330.83447265625,25.53998756408691,-0.0082024484262257,0.0022897200056931,0.5052878965922444,35.92597198486328,0.1072988510131836,418.3019409179687,16.112472534179688,0.0216760458595038,0.0736203920877697,0.4917733089579524,17.158323287963867,0.1028362661600112,560.5216674804688,17.8160400390625,-0.0800908780754942,-0.0527306836153878,0.5,23.38239288330078,0.1023615449666976,0.0024258117191493,0.1072988510131836,0.3173770308494568,0.2069809287786483,0.2190141081809997,0.2566279470920563,0.1942681670188903,0.1501048356294632,0.1401538401842117,0.3276265263557434,0.1878466606140136,0.0190161690115928,0.4370267689228058,0.4429120123386383,0.1010450422763824,0.1603483706712722,0.162165030837059,0.2143965661525726,0.1754320859909057,0.1315159946680069,0.1561419367790222
full_frequency,hourly+halfday+daily+weekly,4,concat,20d,19,1665.2945248750038,2553,547,548,10888.24609375,60.09376907348633,0.0139060312095073,-0.0041468380183652,0.4915785350567959,102.35441589355467,0.153127834200859,8585.111328125,43.94447326660156,0.0255056922576892,0.032722404764887,0.506398537477148,91.4467315673828,0.141805037856102,6147.8076171875,50.460453033447266,0.0113462883932262,0.014117676483808,0.4927007299270073,75.59149169921875,0.1454658061265945,0.00487852236256,0.153127834200859,0.2341645807027816,0.1788598597049713,0.294586032629013,0.2923895418643951,0.260673314332962,0.1618598252534866,0.2029644846916198,0.1402348577976226,0.2342675179243087,0.2108686417341232,0.3030790388584137,0.2060702592134475,0.2799820303916931,0.2503150403499603,0.1483422219753265,0.1927443742752075,0.0961526334285736,0.1686200052499771,0.1438257247209549
full_frequency,hourly+halfday+daily+weekly,4,concat,5d,23,2043.305394417024,2553,547,548,35.779972076416016,3.578695058822632,0.0125025981483035,0.0257827269883494,0.517822169996083,5.832901954650879,0.0759601891040802,22.800098419189453,3.694342374801636,-0.0605552329828265,-0.1135521871867023,0.4625228519195612,4.379603862762451,0.0752401202917099,41.01750183105469,5.149263381958008,-0.0015369558480886,0.0209100214228998,0.5328467153284672,5.489206314086914,0.0779148414731025,0.0011742518981918,0.0759601891040802,0.3298015296459198,0.261674165725708,0.239516019821167,0.1690082997083664,0.1437491029500961,0.0739830359816551,0.2087167501449585,0.213973194360733,0.3595779240131378,0.442411720752716,0.148610383272171,0.0652597397565841,0.3437181413173675,0.1375457346439361,0.2097133994102478,0.1888107359409332,0.1334962844848632,0.155656486749649,0.1747773736715316
single_daily,daily,1,concat,10d,57,2580.1409815839725,2553,547,548,255.25064086914065,12.301919937133787,-0.0457830981087094,-0.0261555107375333,0.4978456717587152,15.959288597106934,0.1072988510131836,748.2513427734375,20.397201538085938,-0.1337662421109655,-0.0530819655129389,0.5246800731261426,26.13748359680176,0.1028362661600112,273.43035888671875,12.923192024230955,0.0568935854448732,0.0371184241550495,0.5255474452554745,15.894543647766112,0.1023615449666976,0.0024258117191493,0.1072988510131836,,,,,,,,,,0.2262688279151916,0.2665027678012848,0.2365560084581375,0.2706724107265472,,,,,,
single_daily,daily,1,concat,20d,29,1304.184139708057,2553,547,548,1.3565728664398191,1.0088902711868286,-0.0585434974525706,-0.0766376247950351,0.5327066196631414,0.5939478874206543,0.153127834200859,5.756401538848877,2.222292900085449,-0.2462329489325122,-0.2160483734380515,0.5301645338208409,0.8589093685150146,0.141805037856102,12.60925006866455,3.414153575897217,-0.233214563117938,-0.2658793884801664,0.5291970802919708,0.9318897128105164,0.1454658061265945,0.00487852236256,0.153127834200859,,,,,,,,,,0.1165969967842102,0.4329395592212677,0.2977823615074157,0.1526810526847839,,,,,,
single_daily,daily,1,concat,5d,27,1250.0289719579741,2553,547,548,0.6155325770378113,0.6788777112960815,-0.04092735191813761,-0.0936077179200059,0.5127301214257736,0.553419828414917,0.0759601891040802,5.164027690887451,1.9216623306274414,-0.13489913326045871,-0.1583345307360819,0.46983546617915906,1.3838510513305664,0.0752401202917099,5.991497039794922,2.2444097995758057,-0.09753268834962367,-0.10692673349176797,0.5328467153284672,0.9716931581497192,0.07791484147310257,0.0011742518981918693,0.0759601891040802,,,,,,,,,,0.30550774931907654,0.2561173141002655,0.21197137236595154,0.22640356421470642,,,,,,
single_halfday,halfday,1,concat,10d,23,261.12695837498177,2553,547,548,0.0738766267895698,0.1850000917911529,0.0295442297473002,0.0862131243953061,0.527222875048962,0.2524460852146148,0.1072988510131836,0.1146491318941116,0.2269130498170852,0.016731539836902,-0.0048448223270958,0.5210237659963437,0.248111292719841,0.1028362661600112,0.1431721448898315,0.3018614947795868,-0.0382432780138533,0.031158848825923,0.4726277372262774,0.2274316996335983,0.1023615449666976,0.0024258117191493,0.1072988510131836,,,,,0.2134326547384262,0.1302884221076965,0.3193655014038086,0.1783317774534225,0.1585816293954849,,,,,,,,,,
single_halfday,halfday,1,concat,20d,23,254.3147232920164,2553,547,548,332.88433837890625,13.222291946411133,0.0700130064253493,0.1181164876669318,0.5346650998824912,14.378732681274414,0.153127834200859,100.62791442871094,6.286319255828857,0.1233157547580019,0.1597084735038152,0.5740402193784278,9.838236808776855,0.141805037856102,151.59222412109375,7.630702495574951,0.0321012666374219,0.072501885231022,0.5437956204379562,12.12155818939209,0.1454658061265945,0.00487852236256,0.153127834200859,,,,,0.1923400461673736,0.1309639066457748,0.2972904145717621,0.1695484220981598,0.2098571956157684,,,,,,,,,,
single_halfday,halfday,1,concat,5d,45,511.959409166011,2553,547,548,37.26865768432617,4.161663055419922,-0.0181675843790655,0.0429001132065084,0.5236976106541323,6.045186996459961,0.0759601891040802,26.296415328979492,2.7260522842407227,-0.0221590143112734,-0.0480095972563179,0.4789762340036563,5.039581298828125,0.0752401202917099,31.6389102935791,3.4153661727905273,-0.1171739135734371,-0.0091619146837575,0.5145985401459854,5.418900012969971,0.0779148414731025,0.0011742518981918,0.0759601891040802,,,,,0.1157596930861473,0.2384517639875412,0.2104978710412979,0.2286906540393829,0.2065999954938888,,,,,,,,,,
single_hourly,hourly,1,concat,10d,60,736.8976820829557,2553,547,548,0.3341710567474365,0.3631834387779236,-0.0114010911614798,-0.0197834682061909,0.4833529181355268,0.5652452707290649,0.1072988510131836,0.3639582395553589,0.3318918347358703,-0.0190839355544837,-0.0702370175038521,0.4990859232175503,0.5914133787155151,0.1028362661600112,0.4465501308441162,0.4825411736965179,-0.0018605580608849,0.0858371397383949,0.5182481751824818,0.5485950708389282,0.1023615449666976,0.0024258117191493,0.1072988510131836,0.2326934486627578,0.2014442533254623,0.3254311382770538,0.2404311746358871,,,,,,,,,,,,,,,
single_hourly,hourly,1,concat,20d,38,455.8948236249853,2553,547,548,0.2267359644174575,0.35345458984375,0.023654243552511,0.0149597064729191,0.5291813552683118,0.4007438123226166,0.153127834200859,0.5194193124771118,0.5807412266731262,-0.156537816863102,-0.205325335521097,0.5100548446069469,0.4988543689250946,0.141805037856102,0.8879292011260986,0.8823012709617615,-0.1426234784316711,-0.1249569162265152,0.5145985401459854,0.4355214834213257,0.1454658061265945,0.00487852236256,0.153127834200859,0.2111568450927734,0.27126345038414,0.3518113791942596,0.1657683402299881,,,,,,,,,,,,,,,
single_hourly,hourly,1,concat,5d,27,327.1232862500474,2553,547,548,6.055655479431152,1.5052342414855957,-0.0163270761705822,-0.0220777827041006,0.4954954954954955,2.0633251667022705,0.0759601891040802,1.950841188430786,0.8700234889984131,-0.1214198118617258,-0.1162048859925242,0.4625228519195612,1.2236061096191406,0.0752401202917099,2.238722562789917,1.1481354236602783,-0.0300034884729789,-0.1013019223322373,0.5291970802919708,1.4477380514144895,0.0779148414731025,0.0011742518981918,0.0759601891040802,0.2263689190149307,0.2052510678768158,0.221170499920845,0.3472095131874084,,,,,,,,,,,,,,,
single_weekly,weekly,1,concat,10d,60,1005.4603567920858,2553,547,548,639.495361328125,19.70220375061035,0.0930288301373694,0.0529052753014882,0.5213474343909127,25.127901077270508,0.1072988510131836,381.1502685546875,15.665715217590332,0.0419454885564189,-0.0034257224091747,0.4826325411334552,14.54905891418457,0.1028362661600112,531.9888916015625,20.054109573364254,-0.0277728532041242,-0.0489206683957998,0.4963503649635036,17.774080276489258,0.1023615449666976,0.0024258117191493,0.1072988510131836,,,,,,,,,,,,,,0.1794205605983734,0.1114824116230011,0.1295192688703537,0.1446852087974548,0.1796243488788604,0.2552681863307953
single_weekly,weekly,1,concat,20d,16,266.5270404579351,2553,547,548,27.628944396972656,3.775360345840454,-0.1485044312086622,-0.1215036905976494,0.4857030943987466,4.694701194763184,0.153127834200859,42.62216567993164,5.050199031829834,-0.2285668353368076,-0.1640738108601301,0.5173674588665448,4.193593502044678,0.141805037856102,72.0447769165039,8.023880958557129,-0.2495922639535121,-0.2417511200386621,0.5291970802919708,2.728158473968506,0.1454658061265945,0.00487852236256,0.153127834200859,,,,,,,,,,,,,,0.1199369505047798,0.1340012997388839,0.2132170498371124,0.1375556588172912,0.2015756219625473,0.1937134265899658
single_weekly,weekly,1,concat,5d,53,872.5584950000048,2553,547,548,11.860015869140623,2.58150863647461,-0.0587578179597003,-0.0271441030333275,0.4872698785742264,3.435624122619629,0.0759601891040802,12.132976531982422,2.7202625274658203,-0.051441060347907,-0.0217655488469419,0.5191956124314442,3.456430435180664,0.0752401202917099,11.223811149597168,2.488348484039306,0.0513335904464746,0.0686714225028106,0.5364963503649635,3.2200357913970947,0.0779148414731025,0.0011742518981918,0.0759601891040802,,,,,,,,,,,,,,0.1164356768131256,0.2105913311243057,0.1683571487665176,0.1790167838335037,0.1717247366905212,0.1538743078708648
